[
  {
    "id": "f5faf731-8225-4136-995b-1c733fdc5d48",
    "data": [
      {
        "text": "give me some info about you",
        "meta": "@agrobot",
        "alias": "agrobot",
        "userDefined": true
      }
    ],
    "isTemplate": false,
    "count": 0,
    "lang": "en",
    "updated": 0
  },
  {
    "id": "6b2f905e-7ca1-49bf-a210-9044bbbc6708",
    "data": [
      {
        "text": "how can you help me",
        "meta": "@agrobot",
        "alias": "agrobot",
        "userDefined": true
      },
      {
        "text": " ?",
        "userDefined": false
      }
    ],
    "isTemplate": false,
    "count": 0,
    "lang": "en",
    "updated": 0
  },
  {
    "id": "33892a1d-d91b-4a59-a698-64c66cc45c1a",
    "data": [
      {
        "text": "tell me more about you",
        "meta": "@agrobot",
        "alias": "agrobot",
        "userDefined": true
      }
    ],
    "isTemplate": false,
    "count": 0,
    "lang": "en",
    "updated": 0
  },
  {
    "id": "77b7af64-4135-49b1-9de1-c6f5362cdfe0",
    "data": [
      {
        "text": "give me some info about this ",
        "userDefined": false
      },
      {
        "text": "agrobot",
        "meta": "@agrobot",
        "alias": "agrobot",
        "userDefined": true
      },
      {
        "text": "?",
        "userDefined": false
      }
    ],
    "isTemplate": false,
    "count": 0,
    "lang": "en",
    "updated": 0
  }
]