[
  {
    "id": "9c6621b5-4877-4793-8459-9da0472ffd33",
    "data": [
      {
        "text": "Forecast for ",
        "userDefined": false
      },
      {
        "text": "dublin",
        "meta": "@sys.geo-city",
        "alias": "ForecastLocation",
        "userDefined": true
      }
    ],
    "isTemplate": false,
    "count": 0,
    "lang": "en",
    "updated": 0
  },
  {
    "id": "1d29962e-838b-4ecb-b4ef-8a6a3f377fde",
    "data": [
      {
        "text": "What is the weather forecast for ",
        "userDefined": false
      },
      {
        "text": "Dublin",
        "meta": "@sys.geo-city",
        "alias": "ForecastLocation",
        "userDefined": true
      }
    ],
    "isTemplate": false,
    "count": 0,
    "lang": "en",
    "updated": 0
  },
  {
    "id": "f8592c0e-06a2-42c4-9582-beabd7f26ae2",
    "data": [
      {
        "text": "weather forecast for ",
        "userDefined": false
      },
      {
        "text": "pune",
        "meta": "@sys.geo-city",
        "alias": "ForecastLocation",
        "userDefined": true
      }
    ],
    "isTemplate": false,
    "count": 0,
    "lang": "en",
    "updated": 0
  }
]