[
  {
    "id": "628f3eca-d059-4512-8c5a-c1d25e0884ca",
    "data": [
      {
        "text": "what is the remedy for  ",
        "userDefined": false
      },
      {
        "text": "image3",
        "meta": "@remedyforitem",
        "alias": "remedyforitem",
        "userDefined": false
      },
      {
        "text": "?",
        "userDefined": false
      }
    ],
    "isTemplate": false,
    "count": 0,
    "lang": "en",
    "updated": 0
  },
  {
    "id": "caf8b6bb-427d-4095-bb0d-26b04616caa9",
    "data": [
      {
        "text": "what is the remedy for  ",
        "userDefined": false
      },
      {
        "text": "image2",
        "meta": "@remedyforitem",
        "alias": "remedyforitem",
        "userDefined": false
      },
      {
        "text": "?",
        "userDefined": false
      }
    ],
    "isTemplate": false,
    "count": 0,
    "lang": "en",
    "updated": 0
  },
  {
    "id": "90ddf9de-a8f8-46ac-9e84-c6145ed67009",
    "data": [
      {
        "text": "what is the remedy for  ",
        "userDefined": false
      },
      {
        "text": "image1",
        "meta": "@remedyforitem",
        "alias": "remedyforitem",
        "userDefined": false
      },
      {
        "text": "?",
        "userDefined": false
      }
    ],
    "isTemplate": false,
    "count": 0,
    "lang": "en",
    "updated": 0
  },
  {
    "id": "b31f44f3-bd09-41a1-8710-dacddf4f13eb",
    "data": [
      {
        "text": "what is the remedy for ",
        "userDefined": false
      },
      {
        "text": "leaf_fungus",
        "meta": "@remedyforitem",
        "alias": "remedyforitem",
        "userDefined": true
      },
      {
        "text": "?",
        "userDefined": false
      }
    ],
    "isTemplate": false,
    "count": 0,
    "lang": "en",
    "updated": 0
  },
  {
    "id": "f8662d88-cd0c-4aeb-a9fc-c6714d77c536",
    "data": [
      {
        "text": "what is the remedy for ",
        "userDefined": false
      },
      {
        "text": "plant_rust_disease",
        "meta": "@remedyforitem",
        "alias": "remedyforitem",
        "userDefined": true
      },
      {
        "text": "?",
        "userDefined": false
      }
    ],
    "isTemplate": false,
    "count": 0,
    "lang": "en",
    "updated": 0
  },
  {
    "id": "e1e4f44b-f70f-43b5-a907-913db7eeef61",
    "data": [
      {
        "text": "what is the remediation for ",
        "userDefined": false
      },
      {
        "text": "Potato-leaf-blight",
        "meta": "@remedyforitem",
        "alias": "remedyforitem",
        "userDefined": true
      }
    ],
    "isTemplate": false,
    "count": 0,
    "lang": "en",
    "updated": 0
  },
  {
    "id": "f357245a-8f53-41e6-a875-0afb8de375a4",
    "data": [
      {
        "text": "what is the remedy for ",
        "userDefined": false
      },
      {
        "text": "plant_rust_disease",
        "meta": "@remedyforitem",
        "alias": "remedyforitem",
        "userDefined": true
      }
    ],
    "isTemplate": false,
    "count": 0,
    "lang": "en",
    "updated": 0
  }
]