[
  {
    "id": "821ddc05-abc2-43b6-9bfa-97a82925219a",
    "data": [
      {
        "text": "it is ",
        "userDefined": false
      },
      {
        "text": "harish",
        "meta": "@sys.given-name",
        "alias": "given_name",
        "userDefined": false
      }
    ],
    "isTemplate": false,
    "count": 0,
    "lang": "en",
    "updated": 0
  },
  {
    "id": "073fcb8a-0925-41b8-a637-a5ea7ce52a39",
    "data": [
      {
        "text": "shirish",
        "meta": "@sys.given-name",
        "alias": "given_name",
        "userDefined": false
      }
    ],
    "isTemplate": false,
    "count": 0,
    "lang": "en",
    "updated": 0
  },
  {
    "id": "1c41605e-76b2-4261-a13b-69e9f1f0b0d8",
    "data": [
      {
        "text": "My name is ",
        "userDefined": false
      },
      {
        "text": "shirish",
        "meta": "@sys.given-name",
        "alias": "given_name",
        "userDefined": false
      }
    ],
    "isTemplate": false,
    "count": 0,
    "lang": "en",
    "updated": 0
  },
  {
    "id": "64aa92ac-ba89-436b-925a-50d0e2d12585",
    "data": [
      {
        "text": "@",
        "userDefined": false
      },
      {
        "text": "sys.given_name",
        "meta": "@sys.given-name",
        "alias": "given_name",
        "userDefined": true
      }
    ],
    "isTemplate": false,
    "count": 0,
    "lang": "en",
    "updated": 0
  }
]