[
  {
    "value": "aubergines",
    "synonyms": [
      "aubergines"
    ]
  },
  {
    "value": "broccoli",
    "synonyms": [
      "broccoli"
    ]
  },
  {
    "value": "Beans",
    "synonyms": [
      "Beans"
    ]
  },
  {
    "value": "Cabbage",
    "synonyms": [
      "Cabbage"
    ]
  },
  {
    "value": "Carrots",
    "synonyms": [
      "Carrots"
    ]
  },
  {
    "value": "Celery",
    "synonyms": [
      "Celery"
    ]
  },
  {
    "value": "Corn",
    "synonyms": [
      "Corn"
    ]
  },
  {
    "value": "potato",
    "synonyms": [
      "potato"
    ]
  },
  {
    "value": "tomato",
    "synonyms": [
      "tomato"
    ]
  },
  {
    "value": "beetroot",
    "synonyms": [
      "beetroot"
    ]
  },
  {
    "value": "onions",
    "synonyms": [
      "onions"
    ]
  },
  {
    "value": "Peas",
    "synonyms": [
      "Peas"
    ]
  },
  {
    "value": "pepper",
    "synonyms": [
      "pepper"
    ]
  },
  {
    "value": "Potatoes",
    "synonyms": [
      "Potatoes"
    ]
  },
  {
    "value": "Spinach",
    "synonyms": [
      "Spinach"
    ]
  },
  {
    "value": "Cauliflower",
    "synonyms": [
      "Cauliflower"
    ]
  }
]