[
  {
    "id": "55eb1246-ff3f-443f-953d-e5dab97b71d0",
    "data": [
      {
        "text": "information about ",
        "userDefined": false
      },
      {
        "text": "cabbage",
        "meta": "@sys.given-name",
        "alias": "DBName",
        "userDefined": true
      }
    ],
    "isTemplate": false,
    "count": 0,
    "lang": "en",
    "updated": 0
  },
  {
    "id": "06bad7a9-0ae0-467b-8a00-aa52f2e15ba7",
    "data": [
      {
        "text": "information about ",
        "userDefined": false
      },
      {
        "text": "spinach",
        "meta": "@sys.given-name",
        "alias": "DBName",
        "userDefined": true
      }
    ],
    "isTemplate": false,
    "count": 0,
    "lang": "en",
    "updated": 0
  },
  {
    "id": "1645568c-c379-492a-b463-041968d31647",
    "data": [
      {
        "text": "information about ",
        "userDefined": false
      },
      {
        "text": "cauliflower",
        "meta": "@sys.given-name",
        "alias": "DBName",
        "userDefined": true
      }
    ],
    "isTemplate": false,
    "count": 0,
    "lang": "en",
    "updated": 0
  },
  {
    "id": "b42fc462-6268-4160-8667-aa1c4f63c849",
    "data": [
      {
        "text": "information about ",
        "userDefined": false
      },
      {
        "text": "beans",
        "meta": "@sys.given-name",
        "alias": "DBName",
        "userDefined": true
      }
    ],
    "isTemplate": false,
    "count": 0,
    "lang": "en",
    "updated": 0
  },
  {
    "id": "6af825c0-0889-4153-aee4-65a58b78536d",
    "data": [
      {
        "text": " information about ",
        "userDefined": false
      },
      {
        "text": "aubergines",
        "meta": "@sys.given-name",
        "alias": "DBName",
        "userDefined": true
      }
    ],
    "isTemplate": false,
    "count": 0,
    "lang": "en",
    "updated": 0
  },
  {
    "id": "fc4d532f-1726-43fb-99e0-2e27151c81ca",
    "data": [
      {
        "text": " information about ",
        "userDefined": false
      },
      {
        "text": "corn",
        "meta": "@sys.given-name",
        "alias": "DBName",
        "userDefined": true
      }
    ],
    "isTemplate": false,
    "count": 0,
    "lang": "en",
    "updated": 0
  },
  {
    "id": "fd748c19-1824-47ca-a5cc-3da67838f669",
    "data": [
      {
        "text": "give me more information about ",
        "userDefined": false
      },
      {
        "text": "tomato",
        "meta": "@sys.given-name",
        "alias": "DBName",
        "userDefined": true
      }
    ],
    "isTemplate": false,
    "count": 0,
    "lang": "en",
    "updated": 0
  },
  {
    "id": "3580ad23-48aa-419d-9fe6-35e3b74f8707",
    "data": [
      {
        "text": "i need more information about ",
        "userDefined": false
      },
      {
        "text": "potato",
        "meta": "@sys.ignore",
        "userDefined": true
      }
    ],
    "isTemplate": false,
    "count": 0,
    "lang": "en",
    "updated": 0
  },
  {
    "id": "ad537bdb-e067-4257-8b61-24cf8b637316",
    "data": [
      {
        "text": "i need information about ",
        "userDefined": false
      },
      {
        "text": "tomato",
        "meta": "@sys.given-name",
        "alias": "DBName",
        "userDefined": true
      }
    ],
    "isTemplate": false,
    "count": 0,
    "lang": "en",
    "updated": 0
  },
  {
    "id": "441a297a-ee23-4c33-a8d9-6c932c11e1bf",
    "data": [
      {
        "text": "give me information about ",
        "userDefined": false
      },
      {
        "text": "beetroot",
        "meta": "@sys.given-name",
        "alias": "DBName",
        "userDefined": true
      }
    ],
    "isTemplate": false,
    "count": 0,
    "lang": "en",
    "updated": 0
  }
]