[
  {
    "id": "af65a980-6f96-45f4-8089-a748f9a9cc7d",
    "data": [
      {
        "text": "fertility",
        "meta": "@fertility",
        "alias": "fertility",
        "userDefined": true
      }
    ],
    "isTemplate": false,
    "count": 0,
    "lang": "en",
    "updated": 0
  },
  {
    "id": "31fbd906-30f8-41f9-bbd4-d93cfe064482",
    "data": [
      {
        "text": "soil fertility",
        "meta": "@fertility",
        "alias": "fertility",
        "userDefined": true
      }
    ],
    "isTemplate": false,
    "count": 0,
    "lang": "en",
    "updated": 0
  },
  {
    "id": "953a4f31-79d0-4c3d-91f3-6cc9bc3639d4",
    "data": [
      {
        "text": "how i can ",
        "userDefined": false
      },
      {
        "text": "improve soil fertility",
        "meta": "@fertility",
        "alias": "fertility",
        "userDefined": true
      },
      {
        "text": "?",
        "userDefined": false
      }
    ],
    "isTemplate": false,
    "count": 0,
    "lang": "en",
    "updated": 0
  }
]