[
  {
    "id": "df9c7cbf-a744-44ac-82a4-2fbb4b82ebbe",
    "data": [
      {
        "text": "fruits",
        "meta": "@type",
        "alias": "type",
        "userDefined": true
      }
    ],
    "isTemplate": false,
    "count": 0,
    "lang": "en",
    "updated": 0
  },
  {
    "id": "02fe196a-d62e-44e3-abae-acfc6649ddeb",
    "data": [
      {
        "text": "Fruits",
        "meta": "@type",
        "alias": "type",
        "userDefined": true
      }
    ],
    "isTemplate": false,
    "count": 0,
    "lang": "en",
    "updated": 0
  },
  {
    "id": "d0097cff-e0f2-47d2-b794-d14d25315aaf",
    "data": [
      {
        "text": "herbs",
        "meta": "@type",
        "alias": "type",
        "userDefined": true
      }
    ],
    "isTemplate": false,
    "count": 1,
    "lang": "en",
    "updated": 0
  },
  {
    "id": "21b324ec-6da6-4cc7-8a66-a2851a0058ed",
    "data": [
      {
        "text": "vegetables",
        "meta": "@type",
        "alias": "type",
        "userDefined": true
      }
    ],
    "isTemplate": false,
    "count": 0,
    "lang": "en",
    "updated": 0
  },
  {
    "id": "f04b2afd-d8f4-4364-a575-8c7035ee0c1a",
    "data": [
      {
        "text": "salads",
        "meta": "@type",
        "alias": "type",
        "userDefined": true
      }
    ],
    "isTemplate": false,
    "count": 0,
    "lang": "en",
    "updated": 0
  }
]