[
  {
    "id": "7420c469-27fa-42eb-93c9-12378c7cbc07",
    "data": [
      {
        "text": "file is ",
        "userDefined": false
      },
      {
        "text": "demo2.jpg",
        "meta": "@filename",
        "alias": "filename",
        "userDefined": true
      }
    ],
    "isTemplate": false,
    "count": 0,
    "lang": "en",
    "updated": 0
  },
  {
    "id": "e461a438-8713-4bff-a8f6-25fe2ccfe322",
    "data": [
      {
        "text": "file is ",
        "userDefined": false
      },
      {
        "text": "demo1.jpg",
        "meta": "@filename",
        "alias": "filename",
        "userDefined": true
      }
    ],
    "isTemplate": false,
    "count": 0,
    "lang": "en",
    "updated": 0
  },
  {
    "id": "becead40-9dae-4aa1-93e0-34376018f29c",
    "data": [
      {
        "text": "file is ",
        "userDefined": false
      },
      {
        "text": "demo.jpg",
        "meta": "@filename",
        "alias": "filename",
        "userDefined": true
      }
    ],
    "isTemplate": false,
    "count": 0,
    "lang": "en",
    "updated": 0
  }
]