[
  {
    "id": "3fd3e7c8-2a0a-482a-a13d-9d7663f9b54a",
    "data": [
      {
        "text": "what is ",
        "userDefined": false
      },
      {
        "text": "khetihar",
        "meta": "@info",
        "alias": "info",
        "userDefined": true
      },
      {
        "text": " about ?",
        "userDefined": false
      }
    ],
    "isTemplate": false,
    "count": 0,
    "lang": "en",
    "updated": 0
  },
  {
    "id": "db502f33-6c32-46f5-a3b5-f8b92691909f",
    "data": [
      {
        "text": "i need ",
        "userDefined": false
      },
      {
        "text": "some information",
        "meta": "@info",
        "alias": "info",
        "userDefined": true
      },
      {
        "text": " regarding agriculture",
        "userDefined": false
      }
    ],
    "isTemplate": false,
    "count": 0,
    "lang": "en",
    "updated": 0
  },
  {
    "id": "c4ee3d29-3240-4f3e-a07b-7a6c5dfbf542",
    "data": [
      {
        "text": "give me some ",
        "userDefined": false
      },
      {
        "text": "info",
        "meta": "@info",
        "alias": "info",
        "userDefined": true
      },
      {
        "text": " about this agrobot?",
        "userDefined": false
      }
    ],
    "isTemplate": false,
    "count": 0,
    "lang": "en",
    "updated": 0
  }
]