[
  {
    "id": "ee92cab1-b300-4eb7-9d71-1eb48602228e",
    "data": [
      {
        "text": "organic",
        "meta": "@Organic",
        "alias": "Organic",
        "userDefined": true
      }
    ],
    "isTemplate": false,
    "count": 0,
    "lang": "en",
    "updated": 0
  },
  {
    "id": "c4d956f1-1703-46ff-b4f2-9e554cf9aa4e",
    "data": [
      {
        "text": "What is ",
        "userDefined": false
      },
      {
        "text": "Organic farming",
        "meta": "@Organic",
        "alias": "Organic",
        "userDefined": true
      },
      {
        "text": " ?",
        "userDefined": false
      }
    ],
    "isTemplate": false,
    "count": 0,
    "lang": "en",
    "updated": 0
  }
]