[
  {
    "id": "7b2c519f-8666-47f5-b8b7-e928896b19a0",
    "data": [
      {
        "text": "how is the current weather in ",
        "userDefined": false
      },
      {
        "text": "Dublin",
        "meta": "@sys.geo-city",
        "alias": "geocity",
        "userDefined": true
      }
    ],
    "isTemplate": false,
    "count": 0,
    "lang": "en",
    "updated": 0
  },
  {
    "id": "d825f206-c4fe-4f58-a8c0-fb45cc59d735",
    "data": [
      {
        "text": "current weather in ",
        "userDefined": false
      },
      {
        "text": "pune",
        "meta": "@sys.geo-city",
        "alias": "geocity",
        "userDefined": true
      }
    ],
    "isTemplate": false,
    "count": 0,
    "lang": "en",
    "updated": 0
  }
]